commonName,clinicalSigns,cycle,description,indoor,otherNames,photoCredit,photoLicense,plantImg,poisonousToPets,scientificName,sunlight,watering,wcvpAcceptedName,wcvpFamily,wcvpMatchStatus,wcvpNotes,wcvpSynonyms
Monstera Deliciosa,"Oral irritation, intense burning and irritation of the mouth, lips, and tongue, excessive drooling, vomiting, difficulty in swallowing.",Perennial,Iconic split-leaf climber; give it bright indirect light and something to climb.,TRUE,"Ceriman, Cutleaf Philodendron, Hurricane Plant, Mexican Breadfruit, Split-leaf Philodendron, Swiss Cheese Plant",,,,TRUE,Monstera deliciosa,part_shade,Average,Monstera deliciosa,Araceae,Accepted,,Monstera borsigiana; Monstera deliciosa var. borsigiana; Monstera deliciosa var. sierrana; Monstera lennea; Philodendron anatomicum; Philodendron fenestratum; Philodendron pertusum
Golden Pothos,"Oral irritation, intense burning and irritation of mouth, tongue and lips, excessive drooling, vomiting, difficulty swallowing.",Perennial,Nearly indestructible trailing vine; tolerates low light and irregular watering.,TRUE,"Devil’s Ivy, Devil’s Vine, Ivy Arum, Marble Queen, Pothos, Taro Vine",,,,TRUE,Epipremnum aureum,part_shade,Average,Epipremnum aureum,Araceae,Accepted,,Epipremnum mooreense; Pothos aureus; Rhaphidophora aurea; Scindapsus aureus
Snake Plant,"Nausea, vomiting, diarrhea",Perennial,Upright architectural leaves; thrives on neglect and low light.,TRUE,"Golden Birds Nest, Good Luck Plant, Mother-in-law’s Tongue",,,,TRUE,"Sansevieria trifasciata, Dracaena trifasciata","full_sun, part_shade",Minimum,Dracaena trifasciata,Asparagaceae,Synonym,,
ZZ Plant,"Vomiting, diarrhea, drooling, and in severe cases; difficulty breathing.",Perennial,"Glossy leaflets on arching stems; stores water in rhizomes, so underwater it.",TRUE,"Aroid Palm, Emerald Palm, Eternity Plant, Zanzibar Gem, Zuzu Plant",,,,TRUE,Zamioculcas zamiifolia,"deep_shade, part_shade",Minimum,Zamioculcas zamiifolia,Araceae,Accepted,,Caladium zamiifolium; Zamioculcas lanceolata
Heartleaf Philodendron,"Oral irritation, pain and swelling of mouth, tongue and lips, excessive drooling, vomiting (not horses), difficulty swallowing.",Perennial,Classic trailing philodendron; pinch the tips to keep it bushy.,TRUE,"Parlor Ivy, Philodendron, Sweetheart Plant",,,,TRUE,Philodendron hederaceum,part_shade,Average,Philodendron hederaceum,Araceae,Accepted,,Arum hederaceum; Pothos hederaceus
Swiss Cheese Vine,"Immediate pain, localized swelling, and gastrointestinal distress upon contact or ingestion.",Perennial,Smaller fenestrated cousin of the monstera; loves a moss pole.,TRUE,"Adanson’s Monstera, Cheese Plant, Five Hole Plant, Swiss Cheese Plant",,,,TRUE,Monstera adansonii,part_shade,Average,Monstera adansonii,Araceae,Accepted,,Calla pertusa; Dracontium pertusum
Satin Pothos,"Oral irritation, pain and swelling of mouth, tongue and lips, excessive drooling, vomiting (not horses), difficulty swallowing.",Perennial,Silvery-splashed trailing vine; fussier about overwatering than true pothos.,TRUE,"Silk Pothos, Silver Pothos",,,,TRUE,Scindapsus pictus,part_shade,Average,Scindapsus pictus,Araceae,Accepted,,Pothos argenteus; Pothos argyraeus; Pothos endresii; Scindapsus argyraeus; Scindapsus pictus var. argyraeus; Scindapsus pictus var. oblongifolius
Arrowhead Plant,"Oral irritation, pain and swelling of mouth, tongue and lips, excessive drooling, vomiting (not horses), difficulty swallowing.",Perennial,Arrow-shaped leaves that mature into lobes; easy and fast-growing.,TRUE,"American Evergreen, Arrow-Head Vine, Arrowhead Vine, Trileaf Wonder",,,,TRUE,Syngonium podophyllum,part_shade,Average,Syngonium podophyllum,Araceae,Accepted,,Pothos auritus; Syngonium affine; Syngonium amazonicum; Syngonium decipiens; Syngonium gracile; Syngonium podophyllum var. multisectum; Syngonium poeppigii; Syngonium riedelianum; Syngonium ruizii; Syngonium ternatum; Syngonium vellozianum; Syngonium vellozianum var. decipiens; Syngonium vellozianum var. latilobum; Syngonium vellozianum var. oblongisectum; Syngonium vellozianum var. poeppigii; Syngonium vellozianum var. riedelianum; Syngonium willdenowii; Syngonium xanthophilum; Xanthosoma gracile
Mini Monstera,"Mouth and throat irritation, drooling, vomiting and difficulty swallowing, pawing at the mouth, head-shaking, loss of appetite or unusual lethargy.",Perennial,Fenestrated climber that looks like a petite monstera but grows much faster.,TRUE,"Dwarf Monstera, Monstera Ginny, Philodendron Ginny, Philodendron Piccolo",,,,TRUE,Rhaphidophora tetrasperma,part_shade,Average,Rhaphidophora tetrasperma,Araceae,Accepted,,
Dragon Tail,"Oral burning, drooling, vomiting, and difficulty swallowing if ingested.",Perennial,Deeply lobed leaves on a vigorous climber; give it a pole to climb.,TRUE,"Cebu Blue, Centipede Tongavine, Dragon-Tail Plant, Silver Vine, Taro Vine, Tibatib",,,,TRUE,Epipremnum pinnatum,part_shade,Average,Epipremnum pinnatum,Araceae,Accepted,,Epipremnum angustilobum; Epipremnum crassifolium; Epipremnum elegans; Epipremnum elegans f. ternatensis; Epipremnum formosanum; Epipremnum merrillii; Epipremnum mirabile; Epipremnum mirabile f. eperforatum; Epipremnum mirabile f. multisectum; Epipremnum pinnatum f. multisectum; Epipremnum robinsonii; Monstera caudata; Monstera dilacerata; Monstera pinnata; Philodendron dilaceratum; Philodendron nechodomae; Philodendron pinnatum; Polypodium laciniatum; Pothos caudatus; Pothos pinnatifidus; Pothos pinnatus; Rhaphidophora caudata; Rhaphidophora cunninghamii; Rhaphidophora dilacerata; Rhaphidophora laciniata; Rhaphidophora lovellae; Rhaphidophora merrillii; Rhaphidophora neocaledonica; Rhaphidophora pinnata; Rhaphidophora pinnatifida; Rhaphidophora rosenburghii; Rhaphidophora vitiensis; Rhaphidophora wallichii; Scindapsus bipinnatifidus; Scindapsus caudatus; Scindapsus dilaceratus; Scindapsus forsteri; Scindapsus pinnatifidus; Scindapsus pinnatus; Tornelia dilacerata
Parlor Palm,,Perennial,"The classic Victorian parlor palm; slow, shade-tolerant, and pet-safe.",TRUE,"Bamboo Palm, Chamaedorea, Collinia Elegans, Dwarf Palm, Good Luck Palm, Neanthebella, Neanthe Bella Palm, Neanthe Palm, Parlour Palm, Reed Palm",,,,FALSE,Chamaedorea elegans,"deep_shade, part_shade",Average,Chamaedorea elegans,Arecaceae,Accepted,,Chamaedorea elegans var. angustifolia; Chamaedorea helleriana; Chamaedorea pulchella; Collinia elegans; Kunthia deppei; Neanthe bella; Neanthe elegans; Neanthe neesiana; Nunnezharia elegans; Nunnezharia pulchella
Kentia Palm,,Perennial,Elegant slow-growing palm that tolerates indoor life better than most.,TRUE,"Forster Sentry Palm, Paradise Palm, Sentry Palm, Thatch Palm",,,,FALSE,Howea forsteriana,part_shade,Average,Howea forsteriana,Arecaceae,Accepted,,Denea forsteriana; Grisebachia forsteriana; Kentia forsteriana
Areca Palm,,Perennial,Feathery fronds; likes humidity and consistent moisture.,TRUE,"Bamboo palm, Golden Cane palm, Yellow palm",,,,FALSE,Dypsis lutescens,"full_sun, part_shade",Frequent,Chrysalidocarpus lutescens,Arecaceae,Synonym,,Areca flavescens; Chrysalidocarpus baronii var. littoralis; Chrysalidocarpus glaucescens
Lady Palm,,Perennial,Fan-shaped fronds on bamboo-like stems; very shade tolerant.,TRUE,"Bamboo Palm, Broadleaf Lady Palm, Fan Tufted Palm",,,,FALSE,Rhapis excelsa,"deep_shade, part_shade",Average,Rhapis excelsa,Arecaceae,Accepted,,Chamaerops excelsa; Chamaerops excelsa var. gracilis; Rhapis divaricata; Rhapis flabelliformis var. variegata; Rhapis javanica; Rhapis kwamwonzick; Rhapis major; Trachycarpus excelsus; Trachycarpus excelsus var. fortunei
Pygmy Date Palm,,Perennial,Compact date palm; watch the sharp spines at the leaf bases.,TRUE,"Dwarf Date Palm, Miniature Date Palm, Robellini Palm, Roebelin Palm",,,,FALSE,Phoenix roebelenii,"full_sun, part_shade",Average,Phoenix roebelenii,Arecaceae,Accepted,,
Bamboo Palm,,Perennial,Clumping palm with reed-like stems; good in lower light.,TRUE,"Parlor Palm, Reed Palm",,,,FALSE,Chamaedorea seifrizii,part_shade,Average,Chamaedorea seifrizii,Arecaceae,Accepted,,Chamaedorea donnell-smithii; Chamaedorea erumpens
Dragon Tree,"Vomiting (occasionally with blood), depression, anorexia, hypersalivation, dilated pupils (cats).",Perennial,Thin arching leaves edged in red; drought-tolerant once established.,TRUE,"Dracaena, Madagascar Dragon Tree, Malaysian Dracaena, Red-marginated Dracaena, Straight-marginated Dracaena",,,,TRUE,"Dracaena marginata, Dracaena reflex var. angustfolia",part_shade,Average,Aloe purpurea,Asphodelaceae,Illegitimate,ambiguous: 2 records share this name,Aloe rufocincta; Dracaena foetida; Drakaina marginata; Lomatophyllum aloiflorum; Lomatophyllum borbonicum; Lomatophyllum marginatum; Lomatophyllum purpureum; Lomatophyllum rufocinctum; Lomatophyllum saundersii; Phylloma aloiflorum; Phylloma borbonicum; Phylloma rufocinctum
Corn Plant,"Vomiting (occasionally with blood), depression, anorexia, hypersalivation, dilated pupils (cats).",Perennial,Broad strappy leaves; famously forgiving of low light.,TRUE,"Cornstalk Plant, Dracaena, Dragon Plant, Janet Craig Plant, Ribbon Plant, Striped Dracaena, Striped Dragon Palm, Warneckei Dracaena, Warneckii",,,,TRUE,Dracaena fragrans,part_shade,Average,Dracaena fragrans,Asparagaceae,Accepted,,Aletris fragrans; Cordyline fragrans; Dracaena albanensis; Dracaena aureolus; Dracaena broomfieldii; Dracaena broomfieldii var. superba; Dracaena butayei; Dracaena deisteliana; Dracaena deremensis; Dracaena deremensis var. warneckei; Dracaena ensifolia var. greigii; Dracaena fragrans f. wacheana; Dracaena fragrans var. massangeana; Dracaena fragrans var. victoria; Dracaena fragrans variegata; Dracaena janssensii; Dracaena latifolia f. rothiana; Dracaena lindenii; Dracaena massangeana; Dracaena smithii; Dracaena steudneri var. kilimandscharica; Dracaena ugandensis; Dracaena victoria; Draco fragrans; Pleomele deremensis; Pleomele fragrans; Pleomele smithii; Pleomele ugandensis; Sansevieria fragrans
Song of India,Vomiting and drooling if ingested.,Perennial,Cream-edged leaves in neat whorls; slow and tidy.,TRUE,,,,,TRUE,Dracaena reflexa var. reflexa,part_shade,Average,Dracaena reflexa,Asparagaceae,Accepted,,Cordyline reflexa; Draco reflexa; Lomatophyllum reflexum; Pleomele reflexa
Lucky Bamboo,"Drooling, vomiting, weakness, loss of appetite, and depression, incoordination and dilated pupils (cats)",Perennial,Grows in water or soil; change the water weekly if grown hydroponically.,TRUE,"Chinese Water Bamboo, Friendship Bamboo, Ribbon Plant, Water Bamboo",,,,TRUE,Dracaena sanderiana,part_shade,Frequent,Dracaena sanderiana,Asparagaceae,Accepted,,Dracaena poggei; Dracaena vanderystii; Pleomele poggei; Pleomele sanderiana
Spineless Yucca,"Vomiting and diarrhea, drooling, lethargy, loss of appetite.",Perennial,Sword-like leaves on a woody trunk; wants your sunniest spot.,TRUE,"Giant Yucca, Soft-tip Yucca",,,,TRUE,Yucca elephantipes,full_sun,Minimum,Yucca gigantea,Asparagaceae,Illegitimate,,Dracaena lennei; Dracaena yuccoides; Yucca eleana; Yucca elephantipes var. ghiesbreghtii; Yucca elephantipes var. gigantea; Yucca guatemalensis; Yucca lenneana; Yucca mazelii; Yucca mooreana
Ponytail Palm,,Perennial,Bulbous water-storing base with a fountain of curly leaves.,TRUE,"Bottle Palm, Elephant-foot Tree, Pony Tail Palm",,,,FALSE,Beaucarnea recurvata,full_sun,Minimum,Beaucarnea recurvata,Asparagaceae,Accepted,,Beaucarnea inermis; Beaucarnea tuberculata; Dasylirion inerme; Dasylirion recurvatum; Nolina recurvata; Pincenectia linifolia; Pincenectia recurvata; Pincenectia tuberculata
Ti Plant,"Vomiting (occasionally with blood), depression, anorexia, hypersalivation, dilated pupils (cats).",Perennial,Hot-pink to burgundy strappy leaves; brighter light means brighter color.,TRUE,"Baby Doll Ti Plant, Cabbage Palm, Cabbage Tree, Good-Luck Plant, Hawaiian Good Luck Plant, Hawaiian Ti Plant, Hawaiian Ti",,,,TRUE,Cordyline fruticosa,"full_sun, part_shade",Average,Cordyline fruticosa,Asparagaceae,Accepted,ambiguous: 2 records share this name,Aletris chinensis; Calodracon heliconiifolia; Calodracon jacquinii; Calodracon nobilis; Calodracon sieberi; Calodracon terminalis; Convallaria fruticosa; Cordyline albicans; Cordyline alborosea; Cordyline amabilis; Cordyline amboynensis; Cordyline angusta; Cordyline argenteostriata; Cordyline balmoreana; Cordyline baptistii; Cordyline bartelii; Cordyline bellula; Cordyline casanovae; Cordyline cheesemanii; Cordyline chelsonii; Cordyline compacta; Cordyline dennisonii; Cordyline densicoma; Cordyline duffii; Cordyline eschscholziana; Cordyline excellens; Cordyline excelsa; Cordyline ferrea; Cordyline fraseri; Cordyline gloriosa; Cordyline grandis; Cordyline guilfoylei; Cordyline hedychioides; Cordyline heliconiifolia; Cordyline hendersonii; Cordyline imperialis; Cordyline inscripta; Cordyline javanica; Cordyline kewensis; Cordyline laingii; Cordyline lutescens-striata; Cordyline macarthurii; Cordyline madagascariensis; Cordyline magnifica; Cordyline metallica; Cordyline mirabilis; Cordyline mooreana; Cordyline nigrorubra; Cordyline nobilis; Cordyline norwoodiensis; Cordyline ornata; Cordyline picturata; Cordyline placida; Cordyline porphyrophylla; Cordyline pulchella; Cordyline reali; Cordyline regina; Cordyline rex; Cordyline robinsoniana; Cordyline rosacea; Cordyline rubella; Cordyline sepiaria; Cordyline sieberi; Cordyline splendens; Cordyline sulcata; Cordyline terminalis var. baileyi; Cordyline terminalis var. boryi; Cordyline terminalis var. hedychioides; Cordyline terminalis var. sepiaria; Cordyline terminalis var. sieberi; Cordyline terminalis var. ti; Cordyline thomsonii; Cordyline ti; Cordyline timorensis; Cordyline triumphans; Cordyline venosa; Cordyline williamsii; Cordyline youngii; Dianella cubensis; Dracaena albicans; Dracaena albomarginata; Dracaena alborosea; Dracaena alexandrae; Dracaena amabilis; Dracaena anerleyensis; Dracaena angusta; Dracaena argenteostriata; Dracaena atropurpurea-pendula; Dracaena aurora; Dracaena balmoreana; Dracaena baptistii; Dracaena barronii; Dracaena bausei; Dracaena bella; Dracaena bellula; Dracaena bergmanii; Dracaena berkeleyi; Dracaena brasiliensis; Dracaena candida; Dracaena cantrellii; Dracaena carolettiae; Dracaena casanovae; Dracaena chelsonii; Dracaena compacta; Dracaena cooperi; Dracaena cooperi var. striata; Dracaena coullingii; Dracaena crispata; Dracaena cuprea; Dracaena dennisonii; Dracaena duffii; Dracaena elizabethiae; Dracaena ernestii; Dracaena eximia; Dracaena ferrea var. rubens; Dracaena ferrea variegata; Dracaena ferrea versicolor; Dracaena formosa; Dracaena fraseri; Dracaena fredericii; Dracaena fulgens; Dracaena gemma; Dracaena gladstonei; Dracaena gloneri; Dracaena gloriosa; Dracaena grandis; Dracaena guilfoylei; Dracaena halseyi; Dracaena harrisii; Dracaena hendersonii; Dracaena hybrida; Dracaena illustris; Dracaena imperator; Dracaena imperialis; Dracaena inscripta; Dracaena insignis; Dracaena intermedia; Dracaena jamesii; Dracaena jucunda; Dracaena kewensis; Dracaena laingii; Dracaena latifolia pendula; Dracaena leonardii; Dracaena leonensis; Dracaena leopoldii; Dracaena leucochila; Dracaena levangeri; Dracaena liervalii; Dracaena limbata; Dracaena lutescens; Dracaena lutescens var. striata; Dracaena mabiliae; Dracaena macleayi; Dracaena magnifica; Dracaena mandaianum; Dracaena martfontanensis; Dracaena mastersii; Dracaena metallica; Dracaena mooreana; Dracaena moorei; Dracaena neocaledonica; Dracaena nigrescens; Dracaena nigricans; Dracaena nigrorubra; Dracaena nigrostriata; Dracaena nitzchneri; Dracaena nobilis; Dracaena ornata; Dracaena pendens; Dracaena perreyi; Dracaena picta; Dracaena picturata; Dracaena placida; Dracaena porphyrophylla; Dracaena poubellei; Dracaena princeps; Dracaena pulchella; Dracaena punctata; Dracaena reali; Dracaena rebeccae; Dracaena reginae; Dracaena regis; Dracaena renardiae; Dracaena rex; Dracaena robinsoniana; Dracaena robusta; Dracaena rothiana; Dracaena rubella; Dracaena salmonea; Dracaena salviati; Dracaena scottiae; Dracaena sepiaria; Dracaena shepherdii; Dracaena speciosa; Dracaena spectabilis; Dracaena spinckii; Dracaena splendens; Dracaena stenophylla; Dracaena striatifolia; Dracaena stricta var. alba; Dracaena sulcata; Dracaena superba; Dracaena sydneyi; Dracaena taylorii; Dracaena tellingii; Dracaena terminalis; Dracaena terminalis alba; Dracaena terminalis latifolia-pendula; Dracaena terminalis var. alba; Dracaena thomiae; Dracaena thomsonii; Dracaena triumphans; Dracaena troubetzkoi; Dracaena venosa; Dracaena verlotii; Dracaena verschaffeltii; Dracaena versicolor; Dracaena vestalis; Dracaena victoriae; Dracaena violacea; Dracaena vivicans; Dracaena voluta; Dracaena warocquei; Dracaena weismannii; Dracaena willsii; Dracaena youngii; Dracaena × bartetii; Draco stenophylla; Ezehlsia palma; Taetsia ferrea; Taetsia fruticosa; Taetsia fruticosa var. casanovae; Terminalis fruticosa
Boston Fern,,Perennial,Arching fronds; keep the soil moist and the humidity up.,TRUE,"Sword fern, Ladder fern, Boss fern",,,,FALSE,Nephrolepis exaltata,part_shade,Frequent,Nephrolepis exaltata,Polypodiaceae,Accepted,,Aspidium exaltatum; Hypopeltis exaltata; Nephrodium exaltatum; Polypodium exaltatum
Bird's Nest Fern,,Perennial,Broad wavy fronds unfurling from a central nest; avoid wetting the crown.,TRUE,"Birds Nest Fern, Nest Fern",,,,FALSE,Asplenium nidus,part_shade,Average,Asplenium nidus,Aspleniaceae,Accepted,,Asplenium ellipticum; Asplenium ficifolium; Asplenium nidus var. plicatum; Neottopteris elliptica; Neottopteris nidus; Neottopteris stenocarpa; Phyllitis amboinica; Thamnopteris nidus
Maidenhair Fern,,Perennial,Delicate fan leaflets on black wiry stems; never let it dry out.,TRUE,"Delta Maidenhair Fern, Pacific Maidenhair",,,,FALSE,Adiantum raddianum,part_shade,Frequent,Adiantum raddianum,Pteridaceae,Accepted,,Adiantum aemulum; Adiantum baenitzii; Adiantum cuneatum f. elongatum; Adiantum cuneatum var. majus; Adiantum cuneatum var. subintegrum; Adiantum cuneatum var. vastum; Adiantum cyclosorum; Adiantum decorum; Adiantum elegantissimum; Adiantum gracillimum; Adiantum mexicanum; Adiantum rubellum; Adiantum weigandii; Adiantum werckleanum
Staghorn Fern,,Perennial,Antler-shaped fronds; mount on wood and mist regularly.,TRUE,"Common Staghorn Fern, Elkhorn Fern",,,,FALSE,Platycerium bifurcatum,part_shade,Average,Platycerium bifurcatum,Polypodiaceae,Accepted,,Acrostichum bifurcatum; Alcicornium bifurcatum
Rabbit's Foot Fern,,Perennial,Fuzzy rhizomes creep over the pot edge like little feet.,TRUE,"Dainty Rabbits-Foot Fern, Fijian Hares’ Foot Fern, Lacy Hare’s Foot, Lacy Paw, Rabbits Foot Fern",,,,FALSE,Davallia fejeensis,part_shade,Average,Davallia fejeensis,Polypodiaceae,Accepted,,Davallia solida var. fejeensis; Humata andersonii; Odontoloma fejeensis; Stenolobus fejeensis
Holly Fern,,Perennial,Glossy holly-like fronds; one of the most drought-tolerant ferns.,TRUE,"Aspidium falcatum, Fern Holly, Fish Tail, Fish Tail Fern, Hapanese Netvein Hollyfern, House Holly Fern, Japanese Holly, Japanese Holly Fern, Polystichum Falcatum",,,,FALSE,Cyrtomium falcatum,"deep_shade, part_shade",Average,Cyrtomium falcatum,Polypodiaceae,Accepted,,Aspidium falcatum; Dryopteris falcata; Phanerophlebia falcata; Polypodium falcatum
Jade Plant,"Vomiting, depression, incoordination",Perennial,Tree-like succulent; let the soil dry fully between waterings.,TRUE,"Baby Jade, Chinese rubber plant, Dwarf rubber plant, Jade tree, Japanese rubber plant, Lucky plant, Money plant",,,,TRUE,Crassula ovata,full_sun,Minimum,Crassula sarmentosa var. sarmentosa,Crassulaceae,Invalid,ambiguous: 2 records share this name,
Echeveria,,Perennial,Perfect rosettes; needs strong light to stay compact.,TRUE,"Mexican Gem, Mexican Ghost Plant, Mexican Hens and Chicks, Mexican Snow Ball, White Mexican Rose",,,,FALSE,Echeveria elegans,full_sun,Minimum,Echeveria elegans,Crassulaceae,Accepted,ambiguous: 2 records share this name,
Zebra Haworthia,,Perennial,White-striped stubby leaves; happy on a bright windowsill.,TRUE,Zebra Plant,,,,FALSE,Haworthiopsis attenuata,part_shade,Minimum,Haworthiopsis attenuata,Asphodelaceae,Accepted,,Aloe attenuata; Apicra attenuata; Catevala attenuata; Haworthia attenuata; Haworthia pumila subsp. attenuata
Burro's Tail,,Perennial,"Trailing ropes of plump leaves; handle gently, they knock off easily.",TRUE,"Donkey’s tail, Donkey tail, Lamb’s tail",,,,FALSE,Sedum morganianum,"full_sun, part_shade",Minimum,Sedum morganianum,Crassulaceae,Accepted,,
Ghost Plant,,Perennial,Opalescent rosettes that blush pink in strong light.,TRUE,Mother of Pearl,,,,FALSE,Graptopetalum paraguayense,full_sun,Minimum,Graptopetalum paraguayense,Crassulaceae,Accepted,,Byrnesia weinbergii; Cotyledon paraguayensis; Echeveria weinbergii; Graptopetalum weinbergii; Sedum paraguayense; Sedum weinbergii
Panda Plant,"Vomiting, diarrhea, and abdominal pain if ingested.",Perennial,"Fuzzy silver leaves edged in brown; a kalanchoe, so keep it from pets.",TRUE,"Cocoon Plant, Panda Bear Plant, Plush Plant, Pussy Ears, Teddy Bear Cactus, Velvet Leaf Kalanchoe",,,,TRUE,Kalanchoe tomentosa,"full_sun, part_shade",Minimum,Kalanchoe tomentosa,Crassulaceae,Accepted,,Bryophyllum triangulare
Ox Tongue,,Perennial,Thick tongue-shaped leaves; more shade-tolerant than most succulents.,TRUE,Cow Tongue,,,,FALSE,Gasteria bicolor,part_shade,Minimum,Gasteria obliqua,Asphodelaceae,Synonym,,Aloe bicolor; Aloe boureana; Aloe dictyodes; Aloe formosa; Aloe guttata; Aloe macchiata; Aloe maculata var. obliqua; Aloe marmorata; Aloe nigricans var. fasciata; Aloe vittata; Aloe zeyheri; Gasteria bicolor var. fallax; Gasteria bicolor var. liliputana; Gasteria biformis; Gasteria caespitosa; Gasteria chamaegigas; Gasteria colubrina; Gasteria fasciata; Gasteria formosa; Gasteria herreana; Gasteria kirsteana; Gasteria liliputana; Gasteria loeriensis; Gasteria longiana; Gasteria longibracteata; Gasteria maculata; Gasteria maculata var. dregeana; Gasteria maculata var. fallax; Gasteria marmorata; Gasteria multiplex; Gasteria nigricans var. fasciata; Gasteria picta; Gasteria planifolia; Gasteria retata; Gasteria salmdyckiana; Gasteria spiralis; Gasteria spiralis var. tortulata; Gasteria variolosa; Gasteria zeyheri
Queen Victoria Agave,"Mildly toxic - mild upset stomach and discomfort if ingested. ",Perennial,"Geometric white-marked rosette; sharp leaf tips, handle with care.",TRUE,,,,,TRUE,Agave victoriae-reginae,full_sun,Minimum,Agave victoriae-reginae,Asparagaceae,Accepted,,
Bunny Ear Cactus,,Perennial,"Pad-like segments dotted with glochids; look, don't touch.",TRUE,"Angel’s Wings cactus, Polka Dot cactus",,,,FALSE,Opuntia microdasys,full_sun,Minimum,Opuntia microdasys,Cactaceae,Accepted,,Cactus microdasys; Opuntia macrocalyx; Opuntia microdasys f. minor; Opuntia microdasys subvar. albiflora; Opuntia microdasys var. albispina; Opuntia microdasys var. laevior; Opuntia microdasys var. minor; Opuntia microdasys var. pallida; Opuntia pulvinata
Golden Barrel Cactus,,Perennial,Ribbed golden globe; slow-growing and very long-lived.,TRUE,,,,,FALSE,"Echinocactus grusonii, Kroenleinia grusonii",full_sun,Minimum,Kroenleinia grusonii,Cactaceae,Synonym,,Echinocactus corynacanthus; Echinocactus galeottii; Echinocereus grusonii; Echinocereus grusonii var. azureus; Ferocactus grusonii
Old Man Cactus,,Perennial,Shaggy white hair over a columnar body; eventually grows tall.,TRUE,"Bunny Cactus, Old Man of Mexico, White Persian Cat Cactus",,,,FALSE,Cephalocereus senilis,full_sun,Minimum,Cephalocereus senilis,Cactaceae,Accepted,,Cactus bradypus; Cactus senilis; Cephalocereus senilis f. cristatus; Cephalocereus senilis f. fasciatus; Cephalophorus senilis; Cereus bradypus; Cereus senilis; Echinocactus senilis; Echinocactus staplesiae; Euporteria senilis; Pilocereus senilis; Pilocereus senilis cristatus
Fishbone Cactus,,Perennial,Zigzag stems and huge fragrant night blooms.,TRUE,,,,,FALSE,Disocactus anguliger,part_shade,Average,Disocactus anguliger,Cactaceae,Accepted,,Cereus mexicanus; Epiphyllum anguligerum; Epiphyllum darrahii; Phyllocactus anguliger; Phyllocactus darrahii; Phyllocactus mexicanus; Phyllocactus serratus
Thanksgiving Cactus,,Perennial,Winter-blooming segments; needs long nights to set buds.,TRUE,"Claw Cactus, Crab Cactus, Crab’s Claw Cactus, False Christmas Cactus, Holiday Cactus, Lobster Cactus",,,,FALSE,Schlumbergera truncata,part_shade,Average,Schlumbergera truncata,Cactaceae,Accepted,,Cactus truncatus; Cereus truncatus; Cereus truncatus var. altensteinii; Epiphyllum altensteinii; Epiphyllum delicatum; Epiphyllum elegans; Epiphyllum guedneyrii; Epiphyllum purpurascens; Epiphyllum ruckeri; Epiphyllum ruckerianum; Epiphyllum salmoneum; Epiphyllum smithianum; Epiphyllum truncatum; Epiphyllum truncatum var. cruentum; Epiphyllum truncatum var. magnificum; Epiphyllum truncatum var. spectabile; Epiphyllum truncatum var. wagneri; Epiphyllum violaceum; Schlumbergera truncata var. altensteinii; Schlumbergera truncata var. delicata; Zygocactus altensteinii; Zygocactus delicatus; Zygocactus truncatus
Queen of the Night,,Perennial,Enormous white blooms that open for a single night.,TRUE,"Dutchman’s Pipe Cactus, Jungle Cactus, Lady of the Night, Night-blooming Cactus, Night-blooming Cereus, Night Queen, Orchid Cactus",,,,FALSE,Epiphyllum oxypetalum,part_shade,Average,Epiphyllum oxypetalum,Cactaceae,Accepted,,Cereus latifrons; Cereus oxypetalus; Epiphyllum acuminatum; Epiphyllum grande; Epiphyllum latifrons; Epiphyllum oxypetalum var. purpusii; Epiphyllum purpusii; Phyllocactus acuminatus; Phyllocactus grandis; Phyllocactus guyanensis; Phyllocactus latifrons; Phyllocactus oxypetalus; Phyllocactus purpusii
Pencil Cactus,"Irritating to the mouth and stomach, sometimes causing vomiting, but generally over-rated in toxicity.",Perennial,Pencil-thick green stems; the milky sap irritates skin and eyes.,TRUE,"African Milkbush, Aveloz, Finger Tree, Indian Tree Spurge, Milkbush, Pencil Tree, Petroleum Plant, Rubber Euphorbia",,,,TRUE,Euphorbia tirucalli,full_sun,Minimum,Euphorbia tirucalli,Euphorbiaceae,Accepted,,Arthrothamnus tirucalli; Euphorbia geayi; Euphorbia laro; Euphorbia media; Euphorbia media var. bagshawei; Euphorbia rhipsaloides; Euphorbia scoparia; Euphorbia suareziana; Euphorbia tirucalli var. rhipsaloides; Tirucalia indica; Tirucalia tirucalli
Crown of Thorns,"Skin irritation, drooling, vomiting, and gastrointestinal distress if ingested.",Perennial,Thorny stems with red bracts nearly year-round; sap is irritating.,TRUE,"Christ Plant, Christ Thorn, Crown-of-thorns",,,,TRUE,Euphorbia milii,full_sun,Minimum,Euphorbia milii,Euphorbiaceae,Accepted,,Euphorbia bojeri; Euphorbia bojeri var. mucronulata; Euphorbia breonii; Euphorbia milii f. lutea; Euphorbia milii var. breonii; Euphorbia milii var. milii; Euphorbia splendens subsp. bojeri; Euphorbia splendens var. bojeri; Sterigmanthe bojeri; Tumalis bojeri
Spider Plant,,Perennial,Arching striped leaves and baby plantlets; very forgiving.,TRUE,"Anthericum Comosum, Chlorophytum, Ribbon Plant, Spider Ivy, Spiderplant, Walking Anthericum",,,,FALSE,Chlorophytum comosum,part_shade,Average,Chlorophytum comosum,Asparagaceae,Accepted,,Anthericum comosum; Anthericum longituberosum; Anthericum picturatum; Anthericum sternbergianum; Anthericum vallis-trappii; Anthericum vittatum; Anthericum vittatum variegatum; Anthericum williamsii; Caesia comosa; Chlorophytum brevipes; Chlorophytum bukobense; Chlorophytum bukobense var. kilimandscharicum; Chlorophytum burchellii; Chlorophytum delagoense; Chlorophytum elatulum; Chlorophytum gazense; Chlorophytum glaucidulum; Chlorophytum glaucidulum var. pauper; Chlorophytum inopinum; Chlorophytum kirkii; Chlorophytum limurense; Chlorophytum longum; Chlorophytum magnum; Chlorophytum miserum; Chlorophytum nemorosum; Chlorophytum paludicola; Chlorophytum ramiferum; Chlorophytum rugosum; Chlorophytum sternbergianum; Chlorophytum turritum; Chlorophytum usambarense; Cordyline vivipara; Hartwegia comosa; Hollia comosa; Narthecium sarmentosum; Phalangium comosum; Phalangium viviparum
String of Pearls,"Vomiting, diarrhea, drooling, and lethargy when ingested. Skin irritation can occur on contact. ",Perennial,Beaded strands; water only when the pearls start to pucker.,TRUE,"Bead plant, Irish Beads, Necklace Plant, Rosary Vine, String of Beads, String of Marble, String of Peas",,,,TRUE,"Senecio rowleyanus, Curio rowleyanus","full_sun, part_shade",Minimum,Curio rowleyanus,Asteraceae,Synonym,,Curio rowleyanus f. marmoratus; Kleinia rowleyana
String of Hearts,,Perennial,"Heart-shaped leaves on delicate vines, often silvery patterned.",TRUE,"Bushman’s Pipe, Chain of Hearts, Chinese Lantern, Necklace Vine, Sweetheart Vine",,,,FALSE,Ceropegia woodii,part_shade,Minimum,Ceropegia woodii,Apocynaceae,Accepted,,Ceropegia barbertonensis; Ceropegia euryacme; Ceropegia hastata; Ceropegia leptocarpa; Ceropegia linearis subsp. woodii; Ceropegia schoenlandii
String of Dolphins,Mildly toxic. Vomiting and gastrointestinal upset.,Perennial,"Dolphin-shaped leaves on trailing stems; a senecio, so mildly toxic.",TRUE,,,,,TRUE,"Senecio peregrinus, Curio x peregrinus","full_sun, part_shade",Minimum,Dendrophorbium peregrinum,Asteraceae,Synonym,,
Wandering Dude,"Dermatitis, skin irritation and mild GI upset if ingested.",Perennial,Purple-and-silver striped trailer; pinch often to stay full. Sap can irritate skin.,TRUE,"Inch Plant, Silver Inch Plant, Zebra Plant",,,,TRUE,Tradescantia zebrina,part_shade,Average,Tradescantia zebrina,Commelinaceae,Accepted,,Commelina zebrina; Cyanotis zebrina
Purple Heart,"Mild irritation of the mouth, drooling, red and itchy skin where the sap touched.",Perennial,Deep purple trailing stems; sun deepens the color.,TRUE,"Moses in the Basket, Purple Queen, Purple Spiderwort",,,,TRUE,Tradescantia pallida,"full_sun, part_shade",Average,Tradescantia pallida,Commelinaceae,Accepted,,Setcreasea jaumavensis; Setcreasea lanceolata; Setcreasea pallida; Setcreasea purpurea; Tradescantia striata
Creeping Fig,"Minor gastrointestinal distress (drooling, retching and vomiting) and oral irritation.",Perennial,Tiny leaves that climb walls and topiaries; keep evenly moist.,TRUE,Climbing Fig,,,,TRUE,Ficus pumila,part_shade,Average,Ficus pumila,Moraceae,Accepted,ambiguous: 2 records share this name,Plagiostigma pumila
Baby Tears,,Perennial,Moss-like mat of tiny leaves; loves constant moisture.,TRUE,"Baby’s Tears, Angel’s Tears, Paddys wig",,,,FALSE,Soleirolia soleirolii,part_shade,Frequent,Soleirolia soleirolii,Urticaceae,Accepted,,Helxine soleirolii; Parietaria repens; Parietaria soleirolii; Soleirolia corsica; Soleirolia repens
English Ivy,"Vomiting, abdominal pain, hypersalivation, diarrhea. Foliage is more toxic than berries. ",Perennial,"Classic climber; good in cool rooms, watch for spider mites.",TRUE,"Baltic Ivy, Branching Ivy, California Ivy, Common Ivy, Glacier Ivy, Hahn’s Self Branching English Ivy, Needlepoint Ivy, Sweetheart Ivy",,,,TRUE,Hedera helix,"deep_shade, part_shade",Average,Hedera helix,Araliaceae,Accepted,ambiguous: 2 records share this name,
Peace Lily,"Oral irritation, intense burning and irritation of mouth, tongue and lips, excessive drooling, vomiting, difficulty swallowing.",Perennial,White spathes over glossy leaves; droops dramatically when thirsty.,TRUE,"Spathe Flower, White Sails",,,,TRUE,Spathiphyllum wallisii,"deep_shade, part_shade",Frequent,Spathiphyllum wallisii,Araceae,Accepted,,
African Violet,,Perennial,Fuzzy leaves and long-lasting blooms; water from below.,TRUE,Kenya Violet,,,,FALSE,Saintpaulia ionantha,part_shade,Average,Streptocarpus ionanthus,Gesneriaceae,Synonym,,Petrocosmea ionantha
Moth Orchid,,Perennial,"Arching sprays of long-lived flowers; bark mix, not soil.",TRUE,"Moon Orchid, Moon Orchids, Moth Orchids, Phalaenopsis Orchid, Phalaenopsis Orchids",,,,FALSE,"Phalaenopsis ",part_shade,Average,Phalaenopsis amabilis,Orchidaceae,Accepted,ambiguous: 2 records share this name,Cymbidium amabile; Epidendrum amabile; Synadena amabilis
Flamingo Flower,"Oral irritation, pain and swelling of mouth, tongue and lips, excessive drooling, vomiting (not horses), difficulty swallowing",Perennial,Glossy red spathes for months; likes humidity.,TRUE,"Anthurium, Flamingo Lily, Laceleaf, Painter’s Palette, Tail Flower",,,,TRUE,Anthurium andraeanum,part_shade,Average,Anthurium andraeanum,Araceae,Accepted,,Anthurium andraeanum album; Anthurium andraeanum delicatissimum; Anthurium andraeanum var. album; Anthurium andraeanum var. amoenum; Anthurium andraeanum var. atrosanguineum; Anthurium andraeanum var. divergens; Anthurium andraeanum var. louisae; Anthurium andraeanum var. roseum; Anthurium andraeanum var. salmoneus; Anthurium andraeanum var. sanguineum; Anthurium venustum
Velvet Anthurium,"Mouth irritation, drooling, pawing at the mouth, reluctance to eat. Vomiting, discomfort can also occur.",Perennial,Heart-shaped velvet leaves with white veins; a collector favorite.,TRUE,"Queen Anthurium, White-Veined Anthurium, Velvet Cardboard Anthurium",,,,TRUE,Anthurium clarinervium,part_shade,Average,Anthurium clarinervium,Araceae,Accepted,,
Bromeliad,,Perennial,"Torch-like bracts; water the central cup, not the soil.",TRUE,"Orange Star, Scarlet Star, Vase Plant",,,,FALSE,Guzmania lingulata,part_shade,Average,Guzmania lingulata,Bromeliaceae,Accepted,,Caraguata lingulata; Tillandsia lingulata
Urn Plant,,Perennial,Silver-banded leaves with a pink flower spike; also cups water.,TRUE,"Silver Vase Bromeliad, Silver Vase Plant",,,,FALSE,Aechmea fasciata,part_shade,Average,Aechmea fasciata,Bromeliaceae,Accepted,,Aechmea fasciata var. flavivittata; Aechmea fasciata var. pruinosa; Aechmea fasciata var. purpurea; Aechmea hamata; Aechmea leopoldii; Aechmea rhodocyanea; Billbergia fasciata; Billbergia glazioviana; Billbergia rhodocyanea; Billbergia rhodocyanea var. purpurea; Bromelia fasciata; Hohenbergia fasciata; Hoplophytum fasciatum; Platyaechmea fasciata; Platyaechmea fasciata var. flavivittata; Platyaechmea fasciata var. pruinosa; Platyaechmea fasciata var. purpurea; Tillandsia bracteata
Flaming Katy,"  • Vomiting, diarrhea, abnormal heart rhythm (rare)",Perennial,Clusters of tiny long-lasting flowers; keep away from pets.,TRUE,"Christmas Kalanchoe, Florist Kalanchoe, Madagascar Widow’s Thrill",,,,TRUE,Kalanchoe blossfeldiana,full_sun,Minimum,Kalanchoe blossfeldiana,Crassulaceae,Accepted,,Kalanchoe globulifera var. coccinea
Goldfish Plant,,Perennial,Orange pouch-shaped blooms; likes humidity and bright indirect light.,TRUE,"Candycorn Plant, Clog Plant, Gold-Fish Plant, Hypocyrta",,,,FALSE,Nematanthus gregarius,part_shade,Average,Nematanthus gregarius,Gesneriaceae,Accepted,,Columnea radicans; Hypocyrta radicans
Lipstick Plant,,Perennial,Red tubular flowers on trailing vines; don't let it dry out fully.,TRUE,"Basket Vine, Lipstick Vine",,,,FALSE,Aeschynanthus radicans,part_shade,Average,Aeschynanthus radicans,Gesneriaceae,Accepted,ambiguous: 2 records share this name,Aeschynanthus radicans var. lanuginosus; Trichosporum radicans
Wax Plant,,Perennial,Waxy star clusters with a sweet scent; blooms better when pot-bound.,TRUE,"Honey Plant, Porcelainflower, Porcelain Flower",,,,FALSE,Hoya carnosa,part_shade,Minimum,Hoya carnosa,Apocynaceae,Accepted,,Asclepias carnosa; Hoya carnosa f. variegata; Hoya carnosa var. gushanica; Hoya carnosa var. japonica; Hoya carnosa var. variegata; Hoya chinensis; Hoya compacta; Hoya crassifolia; Hoya intermedia; Hoya motoskei; Hoya picta; Hoya rotundifolia; Hoya skinneriana; Hoya variegata; Schollia chinensis; Schollia crassifolia; Stapelia chinensis
Sweetheart Hoya,,Perennial,Heart-shaped succulent leaves; the single-leaf pots rarely grow on.,TRUE,"Lucky Heart Plant, Sweetheart Plant, Sweetheart Valentine Hoya, Wax Hearts",,,,FALSE,Hoya kerrii,part_shade,Minimum,Hoya kerrii,Apocynaceae,Accepted,,Hoya obovata var. kerrii
White Jasmine,,Perennial,Intensely fragrant white winter blooms on twining vines.,TRUE,,,,,FALSE,Jasminum polyanthum,"full_sun, part_shade",Average,Jasminum polyanthum,Oleaceae,Accepted,,Jasminum blinii; Jasminum delafieldii; Jasminum excellens
Gardenia,"Mild vomiting and/or diarrhea, hives",Perennial,Creamy fragrant flowers; fussy about humidity and water.,TRUE,"Cape Jasmine, Cape Jasmine Gardenia, Cape jessamine",,,,TRUE,Gardenia jasminoides,"full_sun, part_shade",Frequent,Gardenia jasminoides,Rubiaceae,Accepted,,Gardenia angustifolia; Gardenia angustifolia var. kosyunensis; Gardenia augusta var. grandiflora; Gardenia augusta var. kosyunensis; Gardenia augusta var. longisepala; Gardenia augusta var. ovalifolia; Gardenia florida f. oblanceolata; Gardenia florida f. simpliciflora; Gardenia florida var. fortuneana; Gardenia florida var. grandiflora; Gardenia florida var. maruba; Gardenia florida var. ovalifolia; Gardenia florida var. plena; Gardenia florida var. radicans; Gardenia florida variegata; Gardenia fortunei; Gardenia grandiflora; Gardenia jasminoides f. albomarginata; Gardenia jasminoides f. albovariegata; Gardenia jasminoides f. aureovariegata; Gardenia jasminoides f. grandiflora; Gardenia jasminoides f. longicarpa; Gardenia jasminoides f. maruba; Gardenia jasminoides f. oblanceolata; Gardenia jasminoides f. ovalifolia; Gardenia jasminoides f. simpliciflora; Gardenia jasminoides f. variegata; Gardenia jasminoides var. fortuneana; Gardenia jasminoides var. grandiflora; Gardenia jasminoides var. kosyunensis; Gardenia jasminoides var. longisepala; Gardenia jasminoides var. maruba; Gardenia jasminoides var. ovalifolia; Gardenia jasminoides var. plena; Gardenia jasminoides var. radicans; Gardenia jasminoides var. variegata; Gardenia longisepala; Gardenia maruba; Gardenia pictorum; Gardenia radicans; Gardenia radicans var. simpliciflora; Gardenia radicans variegata; Genipa grandiflora; Genipa radicans; Jasminum capense; Mussaenda chinensis
Hibiscus,,Perennial,Big tropical blooms daily in summer; a hungry feeder.,TRUE,Chinese Hibiscus,,,,FALSE,Hibiscus rosa-sinensis,full_sun,Frequent,,Malvaceae,UNMATCHED,,
Kaffir Lily,"Vomiting, salvation, diarrhea; large ingestions cause convulsions, low blood pressure, tremors, and cardiac arrhythmias. Blubs are the most poisonous part.",Perennial,Orange trumpet clusters in late winter; needs a cool rest to bloom.,TRUE,"Bush lily, Clivia, Clivia Lily, Flame Lily, Natal lily, September Lily",,,,TRUE,Clivia miniata,part_shade,Average,Clivia miniata,Amaryllidaceae,Accepted,,Clivia miniata var. citrina; Clivia miniata var. flava; Clivia sulphurea; Imantophyllum barkeri; Imantophyllum miniatum; Imatophyllum atrosanguineum; Imatophyllum miniatum; Imatophyllum miniatum vanhouttei; Imatophyllum miniatum var. maximum; Imatophyllum miniatum var. pictum; Imatophyllum vanhouttei; Vallota miniata
Fiddle-Leaf Fig,"Minor gastrointestinal distress (drooling, retching and vomiting) and oral irritation.",Perennial,"Huge violin leaves; hates being moved, loves consistency.",TRUE,Banjo fig,,,,TRUE,Ficus lyrata,"full_sun, part_shade",Average,Ficus lyrata,Moraceae,Accepted,,
Weeping Fig,"Minor gastrointestinal distress (drooling, retching and vomiting) and oral irritation. ",Perennial,"Graceful drooping branches; drops leaves when stressed, then recovers.",TRUE,"Benjamin Tree, Chinese Banyan, Fig, Indian Rubber Plant, Java Fig, Small-leaved Rubber Plant",,,,TRUE,Ficus benjamina,part_shade,Average,Ficus benjamina,Moraceae,Accepted,,Ficus benjamina f. warringiana; Ficus benjamina subsp. comosa; Ficus benjamina var. bracteata; Ficus benjamina var. comosa; Ficus benjamina var. haematocarpa; Ficus benjamina var. nuda; Ficus benjaminoides; Ficus comosa; Ficus cuspidatocaudata; Ficus haematocarpa; Ficus lucida; Ficus neglecta; Ficus nepalensis; Ficus nitida; Ficus nuda; Ficus papyrifera; Ficus parvifolia; Ficus pendula; Ficus reclinata; Ficus retusa f. nitida; Ficus retusa var. nitida; Ficus striata; Ficus umbrina; Ficus xavieri; Urostigma benjaminum; Urostigma benjaminum var. nudum; Urostigma haematocarpum; Urostigma neglectum; Urostigma nitidum; Urostigma nudum
Rubber Plant,"Minor gastrointestinal distress (drooling, retching and vomiting) and oral irritation. ",Perennial,Big glossy leaves; burgundy varieties want brighter light.,TRUE,Indian Rubber Plant,,,,TRUE,Ficus elastica,part_shade,Average,Ficus elastica,Moraceae,Accepted,,Ficus elastica var. belgica; Ficus elastica var. benghalensis; Ficus elastica var. decora; Ficus elastica var. karet; Ficus elastica var. minor; Ficus elastica var. odorata; Ficus elastica var. rubra; Ficus elastica var. variegata; Ficus karet; Ficus skytinodermis; Ficus taeda; Macrophthalma elastica; Stilpnophyllum elasticum; Urostigma circumscissum; Urostigma elasticum; Urostigma elasticum var. latifolium; Urostigma karet; Urostigma odoratum; Visiania elastica
Giant Bird of Paradise,"Mild nausea, vomiting, drowsiness; caused mainly by fruit and seeds.",Perennial,Banana-like leaves on tall stems; the white bird flowers need maturity.,TRUE,"Natal Wild Banana, White Bird of Paradise, Wild Banana",,,,TRUE,Strelitzia nicolai,full_sun,Average,Strelitzia nicolai,Strelitziaceae,Accepted,,Strelitzia alba subsp. nicolai; Strelitzia quensonii
Money Tree,,Perennial,"Braided trunk with palmate leaves; said to bring luck, definitely brings green.",TRUE,"French Peanut, Guiana Chestnut, Malabar Chestnut, Mexican Fortune Tree, Money Plant, Water Chestnut",,,,FALSE,Pachira aquatica,part_shade,Average,Pachira aquatica,Malvaceae,Accepted,,Bombax aquaticum; Bombax macrocarpum; Bombax rigidifolium; Carolinea grandiflora; Carolinea macrocarpa; Pachira aquatica var. occidentalis; Pachira aquatica var. surinamensis; Pachira grandiflora; Pachira macrocarpa; Pachira pustulifera; Pachira villosula; Sophia carolina
Umbrella Plant,"Oral irritation, excessive drooling, vomiting, and difficulty swallowing.",Perennial,Whorls of oval leaflets; prune to keep it tree-like.,TRUE,"Dwarf Schefflera, Dwarf Umbrella Tree, Hawaiian Umbrella Tree, Octopus Tree, Parasol Plant, Umbrella Tree",,,,TRUE,"Schefflera arboricola, Heptapleurum arboricola",part_shade,Average,Heptapleurum arboricola,Araliaceae,Synonym,,
Norfolk Island Pine,"Vomiting, drooling, or brief loss of appetite. The plant itself is non-toxic, but the needles and sap can cause irritation when eaten/chewed.",Perennial,Soft tiered branches; the living Christmas tree.,TRUE,"Australian Pine, House Pine, Living Christmas Tree, Norfolk-Island Pine, Norfolk Pine, Polynesian Pine, Star Pine, Triangle Tree",,,,TRUE,Araucaria heterophylla,"full_sun, part_shade",Average,Araucaria heterophylla,Araucariaceae,Accepted,,Abies columbaria; Araucaria excelsa var. glauca; Araucaria excelsa var. speciosissima; Eutacta excelsa var. aurea-variegata; Eutacta excelsa var. glauca; Eutacta excelsa var. monstrosa; Eutacta excelsa var. variegata-alba; Eutassa heterophylla; Pinus columbaria
Split-Leaf Philodendron,"Oral irritation, intense burning and irritation of mouth, tongue and lips, excessive drooling, vomiting, difficulty swallowing.",Perennial,Deeply cut huge leaves on a trunk-like stem; give it room.,TRUE,"Cut-leaf Philodendron, Fiddle-Leaf Philodendron, Heartleaf Philodendron, Horsehead Philodendron, Lacy Tree Philodendron, Panda Plant, Split Leaf Philodendron, Tree Philodendron",,,,TRUE,Philodendron bipinnatifidum,part_shade,Average,Philodendron bipinnatifidum,Araceae,Accepted,,Philodendron pygmaeum; Philodendron selloum; Philodendron sellowii; Thaumatophyllum bipinnatifidum
Olive Tree,,Perennial,Silvery Mediterranean foliage; wants maximum sun indoors.,TRUE,"Common Olive, European Olive",,,,FALSE,Olea europaea,full_sun,Average,Olea europaea,Oleaceae,Accepted,,
Meyer Lemon,Mild upset stomach.,Perennial,Fragrant blooms and real lemons; needs sun and regular feeding.,TRUE,,,,,TRUE,"Citrus x meyeri, Citrus x limon ‘Meyer’",full_sun,Frequent,,Rutaceae,UNMATCHED,,
Prayer Plant,,Perennial,Leaves fold up at night; keep humidity high.,TRUE,"Cathedral Windows, Herringbone Plant, Rabbit Tracks, Red-Veined Prayer Plant",,,,FALSE,Maranta leuconeura,part_shade,Frequent,Maranta leuconeura,Marantaceae,Accepted,,Calathea fascinator; Calathea kerchoveana; Calathea leuconeura; Calathea massangeana; Maranta depressa; Maranta fascinator; Maranta kerchoveana; Maranta kerchovei; Maranta leuconeura var. erythroneura; Maranta leuconeura var. kerchoveana; Maranta leuconeura var. massangeana; Maranta massangeana; Maranta massangeana atrata; Maranta massangeana florentina; Maranta massangeana metallica
Rattlesnake Plant,,Perennial,Long wavy leaves with purple undersides; distilled water keeps edges crisp.,TRUE,"Prayer Plant, Rattlesnake Calathea",,,,FALSE,Goeppertia insignis,part_shade,Frequent,Goeppertia insignis,Marantaceae,Accepted,,Calathea lancifolia; Goeppertia lancifolia; Maranta insignis
Medallion Calathea,,Perennial,Round patterned medallions; a humidity lover.,TRUE,"Calathea Medallion, Medallion Prayer Plant",,,,FALSE,Goeppertia veitchiana,part_shade,Frequent,Goeppertia veitchiana,Marantaceae,Accepted,,Calathea veitchiana; Calathea veitchiana var. foxii; Maranta veitchiana; Maranta veitchii; Phyllodes veitchiana
Orbifolia,,Perennial,Huge silver-striped leaves; the gentle giant of prayer plants.,TRUE,,,,,FALSE,Goeppertia orbifolia,part_shade,Frequent,Goeppertia orbifolia,Marantaceae,Accepted,,Calathea orbifolia; Maranta orbifolia; Phyllodes rotundifolia; Thalia rotundifolia
Nerve Plant,,Perennial,"White-veined leaves; faints flat when dry, revives with water.",TRUE,"Jewel Plant, Mosaic Plant, Silver Fittonia, Silver Nerve, Silver Nerve Plant, Silver Threads",,,,FALSE,Fittonia albivenis,"deep_shade, part_shade",Frequent,Fittonia albivenis,Acanthaceae,Accepted,,Adelaster albivenis; Adelaster albovenosus; Eranthemum rubronervium; Eranthemum rubrovenium; Eranthemum verschaffeltii; Fittonia argyroneura; Fittonia metallica; Fittonia pearcei; Fittonia verschaffeltii; Fittonia verschaffeltii var. argyroneura; Gymnostachyum argyroneurum; Gymnostachyum pearcei; Gymnostachyum verschaffeltii
Polka Dot Plant,,Perennial,Pink-splashed leaves; pinch flowers to keep foliage coming.,TRUE,"Baby’s Tears, Flamingo Plant, Freckle Face, Measles Plant, Pink Splash",,,,FALSE,Hypoestes phyllostachya,part_shade,Frequent,Hypoestes phyllostachya,Acanthaceae,Accepted,,Eranthemum sanguinolentum; Hypoestes lasiostegia var. sanguinolenta; Hypoestes sanguinolenta
Zebra Plant,,Perennial,White-veined leaves with yellow flower spikes; likes warmth.,TRUE,Saffron Spike Zebra,,,,FALSE,Aphelandra squarrosa,part_shade,Frequent,Aphelandra squarrosa,Acanthaceae,Unplaced,,Apinagia preissii; Blandowia preissii; Lemna dimidiata; Lemna obcordata; Pomatotheca; Pomatotheca humillima; Trianthema humillimum
Aluminum Plant,,Perennial,Silver-patched quilted leaves; easy and fast.,TRUE,Watermelon pilea,,,,FALSE,Pilea cadierei,part_shade,Average,Pilea cadierei,Urticaceae,Accepted,,
Chinese Money Plant,,Perennial,Coin-shaped leaves on long stems; pups freely for sharing.,TRUE,"Coin Plant, Friendship Plant, Missionary Plant, Pancake Plant, UFO Plant",,,,FALSE,Pilea peperomioides,part_shade,Average,Pilea peperomioides,Urticaceae,Accepted,,
Friendship Plant,,Perennial,Textured bronze-green leaves; roots easily from cuttings.,TRUE,Panamiga,,,,FALSE,Pilea involucrata,part_shade,Average,Pilea pubescens,Urticaceae,Illegitimate,ambiguous: 2 records share this name,Adicea involucrata; Pilea fuscata; Pilea gaudichaudiana; Pilea grossecrenata; Pilea guyanensis; Pilea pubescens var. fuscata; Pilea pubescens var. guyanensis; Pilea pubescens var. rupicola; Pilea rupicola; Pilea xalapensis
Baby Rubber Plant,,Perennial,Thick glossy spoon leaves; succulent-like water needs.,TRUE,Pepper Face plant,,,,FALSE,Peperomia obtusifolia,part_shade,Average,Peperomia obtusifolia,Piperaceae,Accepted,ambiguous: 2 records share this name,Piper obtusifolium; Rhynchophorum obtusifolium
Watermelon Peperomia,,Perennial,Watermelon-rind patterned leaves; a deserved classic.,TRUE,"Watermelon Begonia, Watermelon Plant",,,,FALSE,Peperomia argyreia,part_shade,Average,Peperomia argyraea,Piperaceae,Illegitimate,,Peperomia arifolia var. argyreia; Peperomia sandersii
Chinese Evergreen,"Oral irritation, pain and swelling of mouth, tongue and lips, excessive drooling, vomiting (not horses), difficulty swallowing",Perennial,Patterned lance leaves; one of the best low-light plants.,TRUE,"Philippine Evergreen, Golden Evergreen, Poison Dart Plant",,,,TRUE,Aglaonema commutatum,"deep_shade, part_shade",Average,Aglaonema commutatum,Araceae,Accepted,,Aglaonema marantifolium var. commutatum
Dumb Cane,"Oral irritation, intense burning and irritation of mouth, tongue and lips, excessive drooling, vomiting, difficulty swallowing.",Perennial,"Bold variegated canes; the sap numbs mouths, hence the name. Keep from pets and kids.",TRUE,"Dieffenbachia, Dumbcane, Gold Dieffenbachia, Spotted Dumbcane, Variable Dieffenbachia",,,,TRUE,Dieffenbachia seguine,part_shade,Average,Dieffenbachia seguine,Araceae,Accepted,,Arum regnium; Arum seguine; Caladium maculatum; Caladium seguine; Caladium seguine var. maculatum; Dieffenbachia amabilis; Dieffenbachia amazonica; Dieffenbachia amoena; Dieffenbachia aureovariegata; Dieffenbachia baraquiniana; Dieffenbachia brasiliensis; Dieffenbachia carderi; Dieffenbachia chelsonii; Dieffenbachia cognata; Dieffenbachia consobrina; Dieffenbachia conspurcata; Dieffenbachia delecta; Dieffenbachia eburnea; Dieffenbachia gigantea; Dieffenbachia gollmeriana; Dieffenbachia grandis; Dieffenbachia illustris; Dieffenbachia imperator; Dieffenbachia insignis; Dieffenbachia irrorata; Dieffenbachia jenmanii; Dieffenbachia lanceola; Dieffenbachia lineata; Dieffenbachia lingulata; Dieffenbachia liturata; Dieffenbachia maculata; Dieffenbachia maculosa; Dieffenbachia magnifica; Dieffenbachia majestica; Dieffenbachia marmorata; Dieffenbachia membranulifera; Dieffenbachia mirabilis; Dieffenbachia neglecta; Dieffenbachia nitida; Dieffenbachia nobilis; Dieffenbachia picta; Dieffenbachia picta f. brasiliensis; Dieffenbachia picta f. mirabilis; Dieffenbachia picta subvar. angustifolia; Dieffenbachia picta subvar. gigantea; Dieffenbachia picta subvar. jenmanii; Dieffenbachia picta subvar. magnifica; Dieffenbachia picta subvar. memoria; Dieffenbachia picta subvar. mirabilis; Dieffenbachia picta subvar. picturata; Dieffenbachia picta var. angustior; Dieffenbachia picta var. baraquiniana; Dieffenbachia picta var. latior; Dieffenbachia picturata; Dieffenbachia plumieri; Dieffenbachia poeppigii; Dieffenbachia princeps; Dieffenbachia regina; Dieffenbachia rex; Dieffenbachia robusta; Dieffenbachia seguine f. baraquiniana; Dieffenbachia seguine f. conspurcata; Dieffenbachia seguine f. decora; Dieffenbachia seguine f. irrorata; Dieffenbachia seguine f. lineata; Dieffenbachia seguine f. liturata; Dieffenbachia seguine f. nobilis; Dieffenbachia seguine f. ventenatiana; Dieffenbachia seguine f. viridis; Dieffenbachia seguine subvar. baraquiniana; Dieffenbachia seguine subvar. decora; Dieffenbachia seguine subvar. irrorata; Dieffenbachia seguine subvar. lineata; Dieffenbachia seguine subvar. lingulata; Dieffenbachia seguine subvar. liturata; Dieffenbachia seguine subvar. nobilis; Dieffenbachia seguine subvar. viridis; Dieffenbachia seguine subvar. wallisii; Dieffenbachia seguine var. decora; Dieffenbachia seguine var. lineata; Dieffenbachia seguine var. lingulata; Dieffenbachia seguine var. liturata; Dieffenbachia seguine var. maculata; Dieffenbachia seguine var. minor; Dieffenbachia seguine var. nobilis; Dieffenbachia seguine var. robusta; Dieffenbachia seguine var. ventenatiana; Dieffenbachia seguine var. viridis; Dieffenbachia triumphans; Dieffenbachia velutina; Dieffenbachia ventenatiana; Dieffenbachia verschaffeltii; Dieffenbachia vittata; Dieffenbachia wallisii; Seguinum maculatum; Spathiphyllum pictum
Caladium,"Oral irritation, pain and swelling of mouth, tongue and lips, excessive drooling, vomiting (not horses), difficulty swallowing",Perennial,"Paper-thin painted leaves; goes dormant in winter, don't toss it.",TRUE,"Elephant Ear, Angel Wings, Heart of Jesus plant,",,,,TRUE,Caladium bicolor,part_shade,Frequent,Caladium bicolor,Araceae,Accepted,,Alocasia roezlii; Arum bicolor; Arum pulchrum; Arum vermitoxicum; Caladium albicans; Caladium albopunctatissimum; Caladium amabile; Caladium amoenum; Caladium argyrospilum; Caladium baraquinii; Caladium barilletii; Caladium barraquinii; Caladium bicolor f. argyrospilum; Caladium bicolor f. barraquinii; Caladium bicolor f. brongniartii; Caladium bicolor f. chantinii; Caladium bicolor f. devosianum; Caladium bicolor f. haematostigma; Caladium bicolor f. macrophyllum; Caladium bicolor f. mirabile; Caladium bicolor f. neumannii; Caladium bicolor f. perrieri; Caladium bicolor f. punctatissumum; Caladium bicolor f. regale; Caladium bicolor f. robustum; Caladium bicolor f. splendens; Caladium bicolor f. vellozianum; Caladium bicolor f. verschaffeltii; Caladium bicolor f. wightii; Caladium bicolor splendens; Caladium bicolor subvar. donizettii; Caladium bicolor subvar. rosaceum; Caladium bicolor var. albomaculatum; Caladium bicolor var. argyrospilum; Caladium bicolor var. barraquinii; Caladium bicolor var. bohemicum; Caladium bicolor var. brongniartii; Caladium bicolor var. chantinii; Caladium bicolor var. curwadlii; Caladium bicolor var. devosianum; Caladium bicolor var. duchartrei; Caladium bicolor var. eckhartii; Caladium bicolor var. enkeanum; Caladium bicolor var. haematostigma; Caladium bicolor var. hendersonii; Caladium bicolor var. houbyanym; Caladium bicolor var. houlletii; Caladium bicolor var. ketteleri; Caladium bicolor var. kochii; Caladium bicolor var. kramerianum; Caladium bicolor var. laucheanum; Caladium bicolor var. leopoldii; Caladium bicolor var. lindenii; Caladium bicolor var. macrophyllum; Caladium bicolor var. marginatum; Caladium bicolor var. mirabile; Caladium bicolor var. neumannii; Caladium bicolor var. pellucidum; Caladium bicolor var. perrieri; Caladium bicolor var. pictum; Caladium bicolor var. regale; Caladium bicolor var. roseomaculatum; Caladium bicolor var. rubellum; Caladium bicolor var. rubicundum; Caladium bicolor var. rubrivenium; Caladium bicolor var. sieboldii; Caladium bicolor var. splendens; Caladium bicolor var. stangeanum; Caladium bicolor var. surinamense; Caladium bicolor var. transparens; Caladium bicolor var. vellozianum; Caladium bicolor var. vermitoxicum; Caladium bicolor var. verschaffeltii; Caladium bicolor var. wightii; Caladium brongniartii; Caladium camoensii; Caladium cannaertii; Caladium chantinii; Caladium chelsonii; Caladium concolor; Caladium connaertii; Caladium curwadlii; Caladium devosianum; Caladium discolor; Caladium duchartrei; Caladium dussii; Caladium eckhartii; Caladium enkeanum; Caladium firmulum; Caladium formosum; Caladium gaerdtii; Caladium griseoargenteum; Caladium haageanum; Caladium haematostigma; Caladium hardii; Caladium hendersonii; Caladium hortulanum; Caladium houbyanum; Caladium houlletii; Caladium jacquinii; Caladium ketteleri; Caladium kochii; Caladium kramerianum; Caladium laucheanum; Caladium leopoldii; Caladium lilliputianum; Caladium lilliputiense; Caladium lindenii; Caladium macrophyllum; Caladium marginatum; Caladium marmoratum; Caladium martersteigianum; Caladium medioradiatum; Caladium mirabile; Caladium mooreanum; Caladium neumannii; Caladium ottonis; Caladium pallidinervium; Caladium pallidum; Caladium pellucidum; Caladium perrieri; Caladium pictum; Caladium punctatissimum; Caladium punctatum; Caladium purdieanum; Caladium pusillum; Caladium regale; Caladium reichenbachii; Caladium roseum; Caladium rougieri; Caladium rubellum; Caladium rubricaule; Caladium rubrovenium; Caladium sagittifolium; Caladium sanguinolentum; Caladium schaelleri; Caladium sororium; Caladium splendens; Caladium splendidens; Caladium spruceanum; Caladium stangeanum; Caladium strangeanum; Caladium surinamense; Caladium thelemannii; Caladium thripedestum; Caladium vandenheckei; Caladium vellozianum; Caladium verschaffeltii; Caladium wagneri; Caladium wallisii; Caladium wightii; Cyrtospadix bicolor; Xanthosoma sylvestre
African Mask Plant,"Oral irritation, drooling and vomiting.",Perennial,Dark arrow leaves with white veins; wants humidity and warmth.,TRUE,Polly,,,,TRUE,Alocasia amazonica,part_shade,Frequent,,,UNMATCHED,,
Rex Begonia,"Kidney failure (in grazing animals), vomiting, salivation in cats/dogs. Most toxic part is underground.",Perennial,Metallic spiraled leaves in wild colors; avoid wetting the leaves.,TRUE,,,,,TRUE,Begonia rex-cultorum,part_shade,Average,,,UNMATCHED,,
Oyster Plant,"Oral irritation, excessive drooling and gastrointestinal upset such as vomiting and diarrhea. It can also cause skin irritation.",Perennial,Purple-backed rosettes; the sap can irritate skin.,TRUE,"Boat Lily, Moses in a Basket, Moses-in-the-Cradle, Purple-Leaved Spiderwort",,,,TRUE,Tradescantia spathacea,part_shade,Average,Tradescantia spathacea,Commelinaceae,Accepted,,Ephemerum bicolor; Rhoeo discolor; Rhoeo spathacea; Rhoeo spathacea f. concolor; Rhoeo spathacea f. variegata; Tradescantia discolor; Tradescantia discolor var. concolor; Tradescantia discolor var. lineata; Tradescantia discolor var. variegata; Tradescantia discolor var. vittata; Tradescantia odoratissima; Tradescantia versicolor
Air Plant,,Perennial,"No soil needed; soak weekly, then dry upside down.",TRUE,,,,,FALSE,Tillandsia ionantha,part_shade,Minimum,Tillandsia ionantha,Bromeliaceae,Accepted,,Pityrophyllum gracile; Tillandsia ionantha var. ionantha; Tillandsia ionantha var. zebrina; Tillandsia rubentifolia
Giant Air Plant,,Perennial,"Silvery sculptural rosette; mist or soak, then dry fully.",TRUE,"Air Plant, Xerographic Air Plant",,,,FALSE,Tillandsia xerographica,part_shade,Minimum,Tillandsia xerographica,Bromeliaceae,Accepted,,Tillandsia kruseana; Tillandsia tomasellii; Tillandsia xerographica f. variegata